index,filename,source_start_sec,source_end_sec,duration_sec,peak_dbfs,rms_dbfs
1,sfx_001.wav,0.000,9.480,9.480,-7.14,-23.32
2,sfx_002.wav,12.210,16.520,4.310,-5.62,-29.04
3,sfx_003.wav,22.720,24.190,1.470,-9.06,-30.54
4,sfx_004.wav,25.250,27.740,2.490,-7.60,-25.21
5,sfx_005.wav,29.300,32.800,3.500,-9.69,-28.08
6,sfx_006.wav,33.630,34.640,1.010,-7.95,-22.35
7,sfx_007.wav,39.040,48.100,9.060,-11.08,-28.80
8,sfx_008.wav,49.450,50.930,1.480,-11.89,-30.83
9,sfx_009.wav,58.770,65.350,6.580,-9.41,-28.04
10,sfx_010.wav,66.280,68.890,2.610,-13.67,-28.21
11,sfx_011.wav,75.130,82.190,7.060,-5.53,-21.29
12,sfx_012.wav,95.460,98.030,2.570,-11.70,-27.11
13,sfx_013.wav,102.890,105.920,3.030,-14.12,-43.06
14,sfx_014.wav,106.580,107.130,0.550,-14.24,-39.12
15,sfx_015.wav,107.990,109.040,1.050,-17.26,-35.34
16,sfx_016.wav,120.640,123.890,3.250,-6.16,-23.01
17,sfx_017.wav,127.320,129.750,2.430,-1.17,-24.02
18,sfx_018.wav,130.590,132.620,2.030,-9.51,-26.06
19,sfx_019.wav,133.760,138.070,4.310,-7.34,-24.43
20,sfx_020.wav,139.720,141.300,1.580,-8.06,-21.23
21,sfx_021.wav,153.520,155.590,2.070,-9.34,-29.58
22,sfx_022.wav,177.780,178.350,0.570,-26.78,-46.88
23,sfx_023.wav,179.970,182.700,2.730,-9.79,-27.60
24,sfx_024.wav,185.210,190.140,4.930,-13.19,-31.30
25,sfx_025.wav,190.900,197.440,6.540,-5.37,-23.36
26,sfx_026.wav,199.580,207.280,7.700,-3.14,-26.50
27,sfx_027.wav,209.370,215.820,6.450,-6.63,-28.24
28,sfx_028.wav,221.300,224.190,2.890,-5.85,-23.26
29,sfx_029.wav,230.230,232.330,2.100,-5.42,-26.20
30,sfx_030.wav,235.260,241.620,6.360,-9.20,-28.70
31,sfx_031.wav,249.270,251.710,2.440,-15.24,-33.12
32,sfx_032.wav,252.620,258.070,5.450,-5.01,-30.84
33,sfx_033.wav,259.080,260.480,1.400,-10.55,-30.00
34,sfx_034.wav,266.160,267.220,1.060,-14.71,-31.93
35,sfx_035.wav,267.850,270.190,2.340,-12.85,-32.35
36,sfx_036.wav,272.580,273.510,0.930,-14.47,-32.44
37,sfx_037.wav,274.070,275.410,1.340,-8.51,-24.15
38,sfx_038.wav,276.360,278.180,1.820,-10.79,-31.41
39,sfx_039.wav,279.450,280.170,0.720,-15.57,-35.11
