index,filename,duration_sec,sample_rate_hz,channels,codec,riff_format_tag,block_align,decoded_peak_dbfs,file_size_bytes
1,sfx_001.wav,9.500,16000,1,MS_ADPCM,0x0002,256,-11.68,77914
2,sfx_002.wav,4.312,16000,1,MS_ADPCM,0x0002,256,-12.49,35418
3,sfx_003.wav,1.500,16000,1,MS_ADPCM,0x0002,256,-11.23,12378
4,sfx_004.wav,2.500,16000,1,MS_ADPCM,0x0002,256,-11.92,20570
5,sfx_005.wav,3.500,16000,1,MS_ADPCM,0x0002,256,-11.71,28762
6,sfx_006.wav,1.031,16000,1,MS_ADPCM,0x0002,256,-9.90,8538
7,sfx_007.wav,9.062,16000,1,MS_ADPCM,0x0002,256,-12.87,74330
8,sfx_008.wav,1.500,16000,1,MS_ADPCM,0x0002,256,-12.78,12378
9,sfx_009.wav,6.594,16000,1,MS_ADPCM,0x0002,256,-10.50,54106
10,sfx_010.wav,2.625,16000,1,MS_ADPCM,0x0002,256,-15.93,21594
11,sfx_011.wav,7.062,16000,1,MS_ADPCM,0x0002,256,-9.48,57946
12,sfx_012.wav,2.594,16000,1,MS_ADPCM,0x0002,256,-13.92,21338
13,sfx_013.wav,3.031,16000,1,MS_ADPCM,0x0002,256,-17.16,24922
14,sfx_014.wav,0.562,16000,1,MS_ADPCM,0x0002,256,-18.17,4698
15,sfx_015.wav,1.062,16000,1,MS_ADPCM,0x0002,256,-22.11,8794
16,sfx_016.wav,3.250,16000,1,MS_ADPCM,0x0002,256,-11.06,26714
17,sfx_017.wav,2.438,16000,1,MS_ADPCM,0x0002,256,-5.88,20058
18,sfx_018.wav,2.031,16000,1,MS_ADPCM,0x0002,256,-9.61,16730
19,sfx_019.wav,4.312,16000,1,MS_ADPCM,0x0002,256,-14.03,35418
20,sfx_020.wav,1.594,16000,1,MS_ADPCM,0x0002,256,-9.74,13146
21,sfx_021.wav,2.094,16000,1,MS_ADPCM,0x0002,256,-12.90,17242
22,sfx_022.wav,0.594,16000,1,MS_ADPCM,0x0002,256,-28.67,4954
23,sfx_023.wav,2.750,16000,1,MS_ADPCM,0x0002,256,-11.22,22618
24,sfx_024.wav,4.938,16000,1,MS_ADPCM,0x0002,256,-14.74,40538
25,sfx_025.wav,6.562,16000,1,MS_ADPCM,0x0002,256,-10.42,53850
26,sfx_026.wav,7.719,16000,1,MS_ADPCM,0x0002,256,-8.17,63322
27,sfx_027.wav,6.469,16000,1,MS_ADPCM,0x0002,256,-12.71,53082
28,sfx_028.wav,2.906,16000,1,MS_ADPCM,0x0002,256,-9.22,23898
29,sfx_029.wav,2.125,16000,1,MS_ADPCM,0x0002,256,-11.14,17498
30,sfx_030.wav,6.375,16000,1,MS_ADPCM,0x0002,256,-10.71,52314
31,sfx_031.wav,2.469,16000,1,MS_ADPCM,0x0002,256,-17.56,20314
32,sfx_032.wav,5.469,16000,1,MS_ADPCM,0x0002,256,-14.09,44890
33,sfx_033.wav,1.406,16000,1,MS_ADPCM,0x0002,256,-14.46,11610
34,sfx_034.wav,1.062,16000,1,MS_ADPCM,0x0002,256,-15.88,8794
35,sfx_035.wav,2.344,16000,1,MS_ADPCM,0x0002,256,-16.43,19290
36,sfx_036.wav,0.938,16000,1,MS_ADPCM,0x0002,256,-16.31,7770
37,sfx_037.wav,1.344,16000,1,MS_ADPCM,0x0002,256,-11.99,11098
38,sfx_038.wav,1.844,16000,1,MS_ADPCM,0x0002,256,-11.73,15194
39,sfx_039.wav,0.750,16000,1,MS_ADPCM,0x0002,256,-20.08,6234
